{
  "url":"https://api.github.com/repos/Ankara-Cekici/extensions/issues/2",
  "repository_url":"https://api.github.com/repos/Ankara-Cekici/extensions",
  "labels_url":"https://api.github.com/repos/Ankara-Cekici/extensions/issues/2/labels{/name}",
  "comments_url":"https://api.github.com/repos/Ankara-Cekici/extensions/issues/2/comments",
  "events_url":"https://api.github.com/repos/Ankara-Cekici/extensions/issues/2/events",
  "html_url":"https://github.com/Ankara-Cekici/extensions/pull/2",
  "id":1286657159,
  "node_id":"PR_kwDOHjHIVc46dgQD",
  "number":2,
  "title":"chore(deps): bump protobufjs from 6.11.2 to 6.11.3 in /rtdb-limit-child-nodes/functions",
  "user":{
    "login":"dependabot[bot]",
    "id":49699333,
    "node_id":"MDM6Qm90NDk2OTkzMzM=",
    "avatar_url":"https://avatars.githubusercontent.com/in/29110?v=4",
    "gravatar_id":"",
    "url":"https://api.github.com/users/dependabot%5Bbot%5D",
    "html_url":"https://github.com/apps/dependabot",
    "followers_url":"https://api.github.com/users/dependabot%5Bbot%5D/followers",
    "following_url":"https://api.github.com/users/dependabot%5Bbot%5D/following{/other_user}",
    "gists_url":"https://api.github.com/users/dependabot%5Bbot%5D/gists{/gist_id}",
    "starred_url":"https://api.github.com/users/dependabot%5Bbot%5D/starred{/owner}{/repo}",
    "subscriptions_url":"https://api.github.com/users/dependabot%5Bbot%5D/subscriptions",
    "organizations_url":"https://api.github.com/users/dependabot%5Bbot%5D/orgs",
    "repos_url":"https://api.github.com/users/dependabot%5Bbot%5D/repos",
    "events_url":"https://api.github.com/users/dependabot%5Bbot%5D/events{/privacy}",
    "received_events_url":"https://api.github.com/users/dependabot%5Bbot%5D/received_events",
    "type":"Bot",
    "site_admin":false
  },
  "labels":[
    {
      "id":4274976670,
      "node_id":"LA_kwDOHjHIVc7-zvee",
      "url":"https://api.github.com/repos/Ankara-Cekici/extensions/labels/dependencies",
      "name":"dependencies",
      "color":"0366d6",
      "default":false,
      "description":"Pull requests that update a dependency file"
    }
  ],
  "state":"open",
  "locked":false,
  "assignee":null,
  "assignees":[],
  "milestone":null,
  "created_at":"2022-06-28 01:58:31 UTC",
  "updated_at":"2022-06-28 01:58:32 UTC",
  "closed_at":null,
  "author_association":"NONE",
  "active_lock_reason":null,
  "draft":false,
  "pull_request":{
    "url":"https://api.github.com/repos/Ankara-Cekici/extensions/pulls/2",
    "html_url":"https://github.com/Ankara-Cekici/extensions/pull/2",
    "diff_url":"https://github.com/Ankara-Cekici/extensions/pull/2.diff",
    "patch_url":"https://github.com/Ankara-Cekici/extensions/pull/2.patch",
    "merged_at":null
  },
  "body":"Bumps [protobufjs](https://github.com/protobufjs/protobuf.js) from 6.11.2 to 6.11.3.\n<details>\n<summary>Release notes</summary>\n<p><em>Sourced from <a href=\"https://github.com/protobufjs/protobuf.js/releases\">protobufjs's releases</a>.</em></p>\n<blockquote>\n<h2>v6.11.3</h2>\n<h3><a href=\"https://github.com/protobufjs/protobuf.js/compare/v6.11.2...v6.11.3\">6.11.3</a> (2022-05-20)</h3>\n<h3>Bug Fixes</h3>\n<ul>\n<li><strong>deps:</strong> use eslint 8.x (<a href=\"https://github-redirect.dependabot.com/protobufjs/protobuf.js/issues/1728\">#1728</a>) (<a href=\"https://github.com/protobufjs/protobuf.js/commit/a8681ceab4763e706a848121a2dde56791b89eea\">a8681ce</a>)</li>\n<li>do not let setProperty change the prototype (<a href=\"https://github-redirect.dependabot.com/protobufjs/protobuf.js/issues/1731\">#1731</a>) (<a href=\"https://github.com/protobufjs/protobuf.js/commit/b5f1391dff5515894830a6570e6d73f5511b2e8f\">b5f1391</a>)</li>\n</ul>\n</blockquote>\n</details>\n<details>\n<summary>Changelog</summary>\n<p><em>Sourced from <a href=\"https://github.com/protobufjs/protobuf.js/blob/v6.11.3/CHANGELOG.md\">protobufjs's changelog</a>.</em></p>\n<blockquote>\n<h3><a href=\"https://github.com/protobufjs/protobuf.js/compare/v6.11.2...v6.11.3\">6.11.3</a> (2022-05-20)</h3>\n<h3>Bug Fixes</h3>\n<ul>\n<li><strong>deps:</strong> use eslint 8.x (<a href=\"https://github-redirect.dependabot.com/protobufjs/protobuf.js/issues/1728\">#1728</a>) (<a href=\"https://github.com/protobufjs/protobuf.js/commit/a8681ceab4763e706a848121a2dde56791b89eea\">a8681ce</a>)</li>\n<li>do not let setProperty change the prototype (<a href=\"https://github-redirect.dependabot.com/protobufjs/protobuf.js/issues/1731\">#1731</a>) (<a href=\"https://github.com/protobufjs/protobuf.js/commit/b5f1391dff5515894830a6570e6d73f5511b2e8f\">b5f1391</a>)</li>\n</ul>\n</blockquote>\n</details>\n<details>\n<summary>Commits</summary>\n<ul>\n<li><a href=\"https://github.com/protobufjs/protobuf.js/commit/b130dfd4f06b642d4b7c3ccc9f3f9fb6a6e6ed0d\"><code>b130dfd</code></a> chore(6.x): release 6.11.3 (<a href=\"https://github-redirect.dependabot.com/protobufjs/protobuf.js/issues/1737\">#1737</a>)</li>\n<li><a href=\"https://github.com/protobufjs/protobuf.js/commit/c2c17ae66810378fbad616964d80894794f1dad1\"><code>c2c17ae</code></a> build: publish to main</li>\n<li><a href=\"https://github.com/protobufjs/protobuf.js/commit/b2c6a5c76eccd4bbe445d13e3a04b949f344dd63\"><code>b2c6a5c</code></a> build: run tests if ci label added (<a href=\"https://github-redirect.dependabot.com/protobufjs/protobuf.js/issues/1734\">#1734</a>)</li>\n<li><a href=\"https://github.com/protobufjs/protobuf.js/commit/a8681ceab4763e706a848121a2dde56791b89eea\"><code>a8681ce</code></a> fix(deps): use eslint 8.x (<a href=\"https://github-redirect.dependabot.com/protobufjs/protobuf.js/issues/1728\">#1728</a>)</li>\n<li><a href=\"https://github.com/protobufjs/protobuf.js/commit/b5f1391dff5515894830a6570e6d73f5511b2e8f\"><code>b5f1391</code></a> fix: do not let setProperty change the prototype (<a href=\"https://github-redirect.dependabot.com/protobufjs/protobuf.js/issues/1731\">#1731</a>)</li>\n<li><a href=\"https://github.com/protobufjs/protobuf.js/commit/7afd0a39f41d6df5fda6fa10c319cdf829027d3e\"><code>7afd0a3</code></a> build: configure 6.x as default branch</li>\n<li><a href=\"https://github.com/protobufjs/protobuf.js/commit/37285d0cdc8b20acacd0227daa2e577921de46a7\"><code>37285d0</code></a> build: configure backports</li>\n<li>See full diff in <a href=\"https://github.com/protobufjs/protobuf.js/compare/v6.11.2...v6.11.3\">compare view</a></li>\n</ul>\n</details>\n<br />\n\n\n[![Dependabot compatibility score](https://dependabot-badges.githubapp.com/badges/compatibility_score?dependency-name=protobufjs&package-manager=npm_and_yarn&previous-version=6.11.2&new-version=6.11.3)](https://docs.github.com/en/github/managing-security-vulnerabilities/about-dependabot-security-updates#about-compatibility-scores)\n\nDependabot will resolve any conflicts with this PR as long as you don't alter it yourself. You can also trigger a rebase manually by commenting `@dependabot rebase`.\n\n[//]: # (dependabot-automerge-start)\n[//]: # (dependabot-automerge-end)\n\n---\n\n<details>\n<summary>Dependabot commands and options</summary>\n<br />\n\nYou can trigger Dependabot actions by commenting on this PR:\n- `@dependabot rebase` will rebase this PR\n- `@dependabot recreate` will recreate this PR, overwriting any edits that have been made to it\n- `@dependabot merge` will merge this PR after your CI passes on it\n- `@dependabot squash and merge` will squash and merge this PR after your CI passes on it\n- `@dependabot cancel merge` will cancel a previously requested merge and block automerging\n- `@dependabot reopen` will reopen this PR if it is closed\n- `@dependabot close` will close this PR and stop Dependabot recreating it. You can achieve the same result by closing it manually\n- `@dependabot ignore this major version` will close this PR and stop Dependabot creating any more for this major version (unless you reopen the PR or upgrade to it yourself)\n- `@dependabot ignore this minor version` will close this PR and stop Dependabot creating any more for this minor version (unless you reopen the PR or upgrade to it yourself)\n- `@dependabot ignore this dependency` will close this PR and stop Dependabot creating any more for this dependency (unless you reopen the PR or upgrade to it yourself)\n- `@dependabot use these labels` will set the current labels as the default for future PRs for this repo and language\n- `@dependabot use these reviewers` will set the current reviewers as the default for future PRs for this repo and language\n- `@dependabot use these assignees` will set the current assignees as the default for future PRs for this repo and language\n- `@dependabot use this milestone` will set the current milestone as the default for future PRs for this repo and language\n\nYou can disable automated security fix PRs for this repo from the [Security Alerts page](https://github.com/Ankara-Cekici/extensions/network/alerts).\n\n</details>",
  "reactions":{
    "url":"https://api.github.com/repos/Ankara-Cekici/extensions/issues/2/reactions",
    "total_count":0,
    "+1":0,
    "-1":0,
    "laugh":0,
    "hooray":0,
    "confused":0,
    "heart":0,
    "rocket":0,
    "eyes":0
  },
  "timeline_url":"https://api.github.com/repos/Ankara-Cekici/extensions/issues/2/timeline",
  "performed_via_github_app":null,
  "state_reason":null
}
