{
  "url":"https://api.github.com/repos/Ankara-Cekici/extensions/issues/10",
  "repository_url":"https://api.github.com/repos/Ankara-Cekici/extensions",
  "labels_url":"https://api.github.com/repos/Ankara-Cekici/extensions/issues/10/labels{/name}",
  "comments_url":"https://api.github.com/repos/Ankara-Cekici/extensions/issues/10/comments",
  "events_url":"https://api.github.com/repos/Ankara-Cekici/extensions/issues/10/events",
  "html_url":"https://github.com/Ankara-Cekici/extensions/pull/10",
  "id":1297032578,
  "node_id":"PR_kwDOHjHIVc47ADWe",
  "number":10,
  "title":"chore(deps): bump parse-url from 6.0.0 to 6.0.2",
  "user":{
    "login":"dependabot[bot]",
    "id":49699333,
    "node_id":"MDM6Qm90NDk2OTkzMzM=",
    "avatar_url":"https://avatars.githubusercontent.com/in/29110?v=4",
    "gravatar_id":"",
    "url":"https://api.github.com/users/dependabot%5Bbot%5D",
    "html_url":"https://github.com/apps/dependabot",
    "followers_url":"https://api.github.com/users/dependabot%5Bbot%5D/followers",
    "following_url":"https://api.github.com/users/dependabot%5Bbot%5D/following{/other_user}",
    "gists_url":"https://api.github.com/users/dependabot%5Bbot%5D/gists{/gist_id}",
    "starred_url":"https://api.github.com/users/dependabot%5Bbot%5D/starred{/owner}{/repo}",
    "subscriptions_url":"https://api.github.com/users/dependabot%5Bbot%5D/subscriptions",
    "organizations_url":"https://api.github.com/users/dependabot%5Bbot%5D/orgs",
    "repos_url":"https://api.github.com/users/dependabot%5Bbot%5D/repos",
    "events_url":"https://api.github.com/users/dependabot%5Bbot%5D/events{/privacy}",
    "received_events_url":"https://api.github.com/users/dependabot%5Bbot%5D/received_events",
    "type":"Bot",
    "site_admin":false
  },
  "labels":[
    {
      "id":4274976670,
      "node_id":"LA_kwDOHjHIVc7-zvee",
      "url":"https://api.github.com/repos/Ankara-Cekici/extensions/labels/dependencies",
      "name":"dependencies",
      "color":"0366d6",
      "default":false,
      "description":"Pull requests that update a dependency file"
    }
  ],
  "state":"open",
  "locked":false,
  "assignee":null,
  "assignees":[],
  "milestone":null,
  "created_at":"2022-07-07 08:38:00 UTC",
  "updated_at":"2022-07-07 08:38:01 UTC",
  "closed_at":null,
  "author_association":"NONE",
  "active_lock_reason":null,
  "draft":false,
  "pull_request":{
    "url":"https://api.github.com/repos/Ankara-Cekici/extensions/pulls/10",
    "html_url":"https://github.com/Ankara-Cekici/extensions/pull/10",
    "diff_url":"https://github.com/Ankara-Cekici/extensions/pull/10.diff",
    "patch_url":"https://github.com/Ankara-Cekici/extensions/pull/10.patch",
    "merged_at":null
  },
  "body":"Bumps [parse-url](https://github.com/IonicaBizau/parse-url) from 6.0.0 to 6.0.2.\n<details>\n<summary>Commits</summary>\n<ul>\n<li>See full diff in <a href=\"https://github.com/IonicaBizau/parse-url/commits\">compare view</a></li>\n</ul>\n</details>\n<br />\n\n\n[![Dependabot compatibility score](https://dependabot-badges.githubapp.com/badges/compatibility_score?dependency-name=parse-url&package-manager=npm_and_yarn&previous-version=6.0.0&new-version=6.0.2)](https://docs.github.com/en/github/managing-security-vulnerabilities/about-dependabot-security-updates#about-compatibility-scores)\n\nDependabot will resolve any conflicts with this PR as long as you don't alter it yourself. You can also trigger a rebase manually by commenting `@dependabot rebase`.\n\n[//]: # (dependabot-automerge-start)\n[//]: # (dependabot-automerge-end)\n\n---\n\n<details>\n<summary>Dependabot commands and options</summary>\n<br />\n\nYou can trigger Dependabot actions by commenting on this PR:\n- `@dependabot rebase` will rebase this PR\n- `@dependabot recreate` will recreate this PR, overwriting any edits that have been made to it\n- `@dependabot merge` will merge this PR after your CI passes on it\n- `@dependabot squash and merge` will squash and merge this PR after your CI passes on it\n- `@dependabot cancel merge` will cancel a previously requested merge and block automerging\n- `@dependabot reopen` will reopen this PR if it is closed\n- `@dependabot close` will close this PR and stop Dependabot recreating it. You can achieve the same result by closing it manually\n- `@dependabot ignore this major version` will close this PR and stop Dependabot creating any more for this major version (unless you reopen the PR or upgrade to it yourself)\n- `@dependabot ignore this minor version` will close this PR and stop Dependabot creating any more for this minor version (unless you reopen the PR or upgrade to it yourself)\n- `@dependabot ignore this dependency` will close this PR and stop Dependabot creating any more for this dependency (unless you reopen the PR or upgrade to it yourself)\n- `@dependabot use these labels` will set the current labels as the default for future PRs for this repo and language\n- `@dependabot use these reviewers` will set the current reviewers as the default for future PRs for this repo and language\n- `@dependabot use these assignees` will set the current assignees as the default for future PRs for this repo and language\n- `@dependabot use this milestone` will set the current milestone as the default for future PRs for this repo and language\n\nYou can disable automated security fix PRs for this repo from the [Security Alerts page](https://github.com/Ankara-Cekici/extensions/network/alerts).\n\n</details>",
  "reactions":{
    "url":"https://api.github.com/repos/Ankara-Cekici/extensions/issues/10/reactions",
    "total_count":0,
    "+1":0,
    "-1":0,
    "laugh":0,
    "hooray":0,
    "confused":0,
    "heart":0,
    "rocket":0,
    "eyes":0
  },
  "timeline_url":"https://api.github.com/repos/Ankara-Cekici/extensions/issues/10/timeline",
  "performed_via_github_app":null,
  "state_reason":null
}
