[
  {
    "id":4261017190,
    "node_id":"LA_kwDOHjHIVc79-fZm",
    "url":"https://api.github.com/repos/Ankara-Cekici/extensions/labels/bug",
    "name":"bug",
    "color":"d73a4a",
    "default":true,
    "description":"Something isn't working"
  },
  {
    "id":4274976670,
    "node_id":"LA_kwDOHjHIVc7-zvee",
    "url":"https://api.github.com/repos/Ankara-Cekici/extensions/labels/dependencies",
    "name":"dependencies",
    "color":"0366d6",
    "default":false,
    "description":"Pull requests that update a dependency file"
  },
  {
    "id":4261017191,
    "node_id":"LA_kwDOHjHIVc79-fZn",
    "url":"https://api.github.com/repos/Ankara-Cekici/extensions/labels/documentation",
    "name":"documentation",
    "color":"0075ca",
    "default":true,
    "description":"Improvements or additions to documentation"
  },
  {
    "id":4261017192,
    "node_id":"LA_kwDOHjHIVc79-fZo",
    "url":"https://api.github.com/repos/Ankara-Cekici/extensions/labels/duplicate",
    "name":"duplicate",
    "color":"cfd3d7",
    "default":true,
    "description":"This issue or pull request already exists"
  },
  {
    "id":4261017193,
    "node_id":"LA_kwDOHjHIVc79-fZp",
    "url":"https://api.github.com/repos/Ankara-Cekici/extensions/labels/enhancement",
    "name":"enhancement",
    "color":"a2eeef",
    "default":true,
    "description":"New feature or request"
  },
  {
    "id":4261017194,
    "node_id":"LA_kwDOHjHIVc79-fZq",
    "url":"https://api.github.com/repos/Ankara-Cekici/extensions/labels/good%20first%20issue",
    "name":"good first issue",
    "color":"7057ff",
    "default":true,
    "description":"Good for newcomers"
  },
  {
    "id":4261017195,
    "node_id":"LA_kwDOHjHIVc79-fZr",
    "url":"https://api.github.com/repos/Ankara-Cekici/extensions/labels/help%20wanted",
    "name":"help wanted",
    "color":"008672",
    "default":true,
    "description":"Extra attention is needed"
  },
  {
    "id":4261017196,
    "node_id":"LA_kwDOHjHIVc79-fZs",
    "url":"https://api.github.com/repos/Ankara-Cekici/extensions/labels/invalid",
    "name":"invalid",
    "color":"e4e669",
    "default":true,
    "description":"This doesn't seem right"
  },
  {
    "id":4261017197,
    "node_id":"LA_kwDOHjHIVc79-fZt",
    "url":"https://api.github.com/repos/Ankara-Cekici/extensions/labels/question",
    "name":"question",
    "color":"d876e3",
    "default":true,
    "description":"Further information is requested"
  },
  {
    "id":4261017198,
    "node_id":"LA_kwDOHjHIVc79-fZu",
    "url":"https://api.github.com/repos/Ankara-Cekici/extensions/labels/wontfix",
    "name":"wontfix",
    "color":"ffffff",
    "default":true,
    "description":"This will not be worked on"
  }
]