{"id":506579029,"node_id":"R_kgDOHjHIVQ","name":"extensions","full_name":"Ankara-Cekici/extensions","private":false,"owner":{"login":"Ankara-Cekici","id":107654903,"node_id":"O_kgDOBmqu9w","avatar_url":"https://avatars.githubusercontent.com/u/107654903?v=4","gravatar_id":"","url":"https://api.github.com/users/Ankara-Cekici","html_url":"https://github.com/Ankara-Cekici","followers_url":"https://api.github.com/users/Ankara-Cekici/followers","following_url":"https://api.github.com/users/Ankara-Cekici/following{/other_user}","gists_url":"https://api.github.com/users/Ankara-Cekici/gists{/gist_id}","starred_url":"https://api.github.com/users/Ankara-Cekici/starred{/owner}{/repo}","subscriptions_url":"https://api.github.com/users/Ankara-Cekici/subscriptions","organizations_url":"https://api.github.com/users/Ankara-Cekici/orgs","repos_url":"https://api.github.com/users/Ankara-Cekici/repos","events_url":"https://api.github.com/users/Ankara-Cekici/events{/privacy}","received_events_url":"https://api.github.com/users/Ankara-Cekici/received_events","type":"Organization","site_admin":false},"html_url":"https://github.com/Ankara-Cekici/extensions","description":"Source code for official Firebase extensions","fork":true,"url":"https://api.github.com/repos/Ankara-Cekici/extensions","forks_url":"https://api.github.com/repos/Ankara-Cekici/extensions/forks","keys_url":"https://api.github.com/repos/Ankara-Cekici/extensions/keys{/key_id}","collaborators_url":"https://api.github.com/repos/Ankara-Cekici/extensions/collaborators{/collaborator}","teams_url":"https://api.github.com/repos/Ankara-Cekici/extensions/teams","hooks_url":"https://api.github.com/repos/Ankara-Cekici/extensions/hooks","issue_events_url":"https://api.github.com/repos/Ankara-Cekici/extensions/issues/events{/number}","events_url":"https://api.github.com/repos/Ankara-Cekici/extensions/events","assignees_url":"https://api.github.com/repos/Ankara-Cekici/extensions/assignees{/user}","branches_url":"https://api.github.com/repos/Ankara-Cekici/extensions/branches{/branch}","tags_url":"https://api.github.com/repos/Ankara-Cekici/extensions/tags","blobs_url":"https://api.github.com/repos/Ankara-Cekici/extensions/git/blobs{/sha}","git_tags_url":"https://api.github.com/repos/Ankara-Cekici/extensions/git/tags{/sha}","git_refs_url":"https://api.github.com/repos/Ankara-Cekici/extensions/git/refs{/sha}","trees_url":"https://api.github.com/repos/Ankara-Cekici/extensions/git/trees{/sha}","statuses_url":"https://api.github.com/repos/Ankara-Cekici/extensions/statuses/{sha}","languages_url":"https://api.github.com/repos/Ankara-Cekici/extensions/languages","stargazers_url":"https://api.github.com/repos/Ankara-Cekici/extensions/stargazers","contributors_url":"https://api.github.com/repos/Ankara-Cekici/extensions/contributors","subscribers_url":"https://api.github.com/repos/Ankara-Cekici/extensions/subscribers","subscription_url":"https://api.github.com/repos/Ankara-Cekici/extensions/subscription","commits_url":"https://api.github.com/repos/Ankara-Cekici/extensions/commits{/sha}","git_commits_url":"https://api.github.com/repos/Ankara-Cekici/extensions/git/commits{/sha}","comments_url":"https://api.github.com/repos/Ankara-Cekici/extensions/comments{/number}","issue_comment_url":"https://api.github.com/repos/Ankara-Cekici/extensions/issues/comments{/number}","contents_url":"https://api.github.com/repos/Ankara-Cekici/extensions/contents/{+path}","compare_url":"https://api.github.com/repos/Ankara-Cekici/extensions/compare/{base}...{head}","merges_url":"https://api.github.com/repos/Ankara-Cekici/extensions/merges","archive_url":"https://api.github.com/repos/Ankara-Cekici/extensions/{archive_format}{/ref}","downloads_url":"https://api.github.com/repos/Ankara-Cekici/extensions/downloads","issues_url":"https://api.github.com/repos/Ankara-Cekici/extensions/issues{/number}","pulls_url":"https://api.github.com/repos/Ankara-Cekici/extensions/pulls{/number}","milestones_url":"https://api.github.com/repos/Ankara-Cekici/extensions/milestones{/number}","notifications_url":"https://api.github.com/repos/Ankara-Cekici/extensions/notifications{?since,all,participating}","labels_url":"https://api.github.com/repos/Ankara-Cekici/extensions/labels{/name}","releases_url":"https://api.github.com/repos/Ankara-Cekici/extensions/releases{/id}","deployments_url":"https://api.github.com/repos/Ankara-Cekici/extensions/deployments","created_at":"2022-06-23 09:36:21 UTC","updated_at":"2022-07-04 20:35:43 UTC","pushed_at":"2022-07-07 08:43:48 UTC","git_url":"git://github.com/Ankara-Cekici/extensions.git","ssh_url":"git@github.com:Ankara-Cekici/extensions.git","clone_url":"https://github.com/Ankara-Cekici/extensions.git","svn_url":"https://github.com/Ankara-Cekici/extensions","homepage":"https://firebase.google.com/products/extensions","size":9301,"stargazers_count":0,"watchers_count":0,"language":"TypeScript","has_issues":false,"has_projects":true,"has_downloads":true,"has_wiki":true,"has_pages":false,"forks_count":0,"mirror_url":null,"archived":false,"disabled":false,"open_issues_count":10,"license":{"key":"apache-2.0","name":"Apache License 2.0","spdx_id":"Apache-2.0","url":"https://api.github.com/licenses/apache-2.0","node_id":"MDc6TGljZW5zZTI="},"allow_forking":true,"is_template":true,"web_commit_signoff_required":true,"topics":[],"visibility":"public","forks":0,"open_issues":10,"watchers":0,"default_branch":"next","permissions":{"admin":false,"maintain":false,"push":false,"triage":false,"pull":false},"temp_clone_token":"","organization":{"login":"Ankara-Cekici","id":107654903,"node_id":"O_kgDOBmqu9w","avatar_url":"https://avatars.githubusercontent.com/u/107654903?v=4","gravatar_id":"","url":"https://api.github.com/users/Ankara-Cekici","html_url":"https://github.com/Ankara-Cekici","followers_url":"https://api.github.com/users/Ankara-Cekici/followers","following_url":"https://api.github.com/users/Ankara-Cekici/following{/other_user}","gists_url":"https://api.github.com/users/Ankara-Cekici/gists{/gist_id}","starred_url":"https://api.github.com/users/Ankara-Cekici/starred{/owner}{/repo}","subscriptions_url":"https://api.github.com/users/Ankara-Cekici/subscriptions","organizations_url":"https://api.github.com/users/Ankara-Cekici/orgs","repos_url":"https://api.github.com/users/Ankara-Cekici/repos","events_url":"https://api.github.com/users/Ankara-Cekici/events{/privacy}","received_events_url":"https://api.github.com/users/Ankara-Cekici/received_events","type":"Organization","site_admin":false},"parent":{"id":503634758,"node_id":"R_kgDOHgTbRg","name":"extensions","full_name":"Bariscankibarcekici/extensions","private":false,"owner":{"login":"Bariscankibarcekici","id":106708281,"node_id":"U_kgDOBlw9OQ","avatar_url":"https://avatars.githubusercontent.com/u/106708281?v=4","gravatar_id":"","url":"https://api.github.com/users/Bariscankibarcekici","html_url":"https://github.com/Bariscankibarcekici","followers_url":"https://api.github.com/users/Bariscankibarcekici/followers","following_url":"https://api.github.com/users/Bariscankibarcekici/following{/other_user}","gists_url":"https://api.github.com/users/Bariscankibarcekici/gists{/gist_id}","starred_url":"https://api.github.com/users/Bariscankibarcekici/starred{/owner}{/repo}","subscriptions_url":"https://api.github.com/users/Bariscankibarcekici/subscriptions","organizations_url":"https://api.github.com/users/Bariscankibarcekici/orgs","repos_url":"https://api.github.com/users/Bariscankibarcekici/repos","events_url":"https://api.github.com/users/Bariscankibarcekici/events{/privacy}","received_events_url":"https://api.github.com/users/Bariscankibarcekici/received_events","type":"User","site_admin":false},"html_url":"https://github.com/Bariscankibarcekici/extensions","description":"Source code for official Firebase extensions","fork":true,"url":"https://api.github.com/repos/Bariscankibarcekici/extensions","forks_url":"https://api.github.com/repos/Bariscankibarcekici/extensions/forks","keys_url":"https://api.github.com/repos/Bariscankibarcekici/extensions/keys{/key_id}","collaborators_url":"https://api.github.com/repos/Bariscankibarcekici/extensions/collaborators{/collaborator}","teams_url":"https://api.github.com/repos/Bariscankibarcekici/extensions/teams","hooks_url":"https://api.github.com/repos/Bariscankibarcekici/extensions/hooks","issue_events_url":"https://api.github.com/repos/Bariscankibarcekici/extensions/issues/events{/number}","events_url":"https://api.github.com/repos/Bariscankibarcekici/extensions/events","assignees_url":"https://api.github.com/repos/Bariscankibarcekici/extensions/assignees{/user}","branches_url":"https://api.github.com/repos/Bariscankibarcekici/extensions/branches{/branch}","tags_url":"https://api.github.com/repos/Bariscankibarcekici/extensions/tags","blobs_url":"https://api.github.com/repos/Bariscankibarcekici/extensions/git/blobs{/sha}","git_tags_url":"https://api.github.com/repos/Bariscankibarcekici/extensions/git/tags{/sha}","git_refs_url":"https://api.github.com/repos/Bariscankibarcekici/extensions/git/refs{/sha}","trees_url":"https://api.github.com/repos/Bariscankibarcekici/extensions/git/trees{/sha}","statuses_url":"https://api.github.com/repos/Bariscankibarcekici/extensions/statuses/{sha}","languages_url":"https://api.github.com/repos/Bariscankibarcekici/extensions/languages","stargazers_url":"https://api.github.com/repos/Bariscankibarcekici/extensions/stargazers","contributors_url":"https://api.github.com/repos/Bariscankibarcekici/extensions/contributors","subscribers_url":"https://api.github.com/repos/Bariscankibarcekici/extensions/subscribers","subscription_url":"https://api.github.com/repos/Bariscankibarcekici/extensions/subscription","commits_url":"https://api.github.com/repos/Bariscankibarcekici/extensions/commits{/sha}","git_commits_url":"https://api.github.com/repos/Bariscankibarcekici/extensions/git/commits{/sha}","comments_url":"https://api.github.com/repos/Bariscankibarcekici/extensions/comments{/number}","issue_comment_url":"https://api.github.com/repos/Bariscankibarcekici/extensions/issues/comments{/number}","contents_url":"https://api.github.com/repos/Bariscankibarcekici/extensions/contents/{+path}","compare_url":"https://api.github.com/repos/Bariscankibarcekici/extensions/compare/{base}...{head}","merges_url":"https://api.github.com/repos/Bariscankibarcekici/extensions/merges","archive_url":"https://api.github.com/repos/Bariscankibarcekici/extensions/{archive_format}{/ref}","downloads_url":"https://api.github.com/repos/Bariscankibarcekici/extensions/downloads","issues_url":"https://api.github.com/repos/Bariscankibarcekici/extensions/issues{/number}","pulls_url":"https://api.github.com/repos/Bariscankibarcekici/extensions/pulls{/number}","milestones_url":"https://api.github.com/repos/Bariscankibarcekici/extensions/milestones{/number}","notifications_url":"https://api.github.com/repos/Bariscankibarcekici/extensions/notifications{?since,all,participating}","labels_url":"https://api.github.com/repos/Bariscankibarcekici/extensions/labels{/name}","releases_url":"https://api.github.com/repos/Bariscankibarcekici/extensions/releases{/id}","deployments_url":"https://api.github.com/repos/Bariscankibarcekici/extensions/deployments","created_at":"2022-06-15 05:58:55 UTC","updated_at":"2022-07-07 12:30:00 UTC","pushed_at":"2022-07-07 13:07:47 UTC","git_url":"git://github.com/Bariscankibarcekici/extensions.git","ssh_url":"git@github.com:Bariscankibarcekici/extensions.git","clone_url":"https://github.com/Bariscankibarcekici/extensions.git","svn_url":"https://github.com/Bariscankibarcekici/extensions","homepage":"https://firebase.google.com/products/extensions","size":9483,"stargazers_count":1,"watchers_count":1,"language":"TypeScript","has_issues":false,"has_projects":true,"has_downloads":true,"has_wiki":true,"has_pages":true,"forks_count":2,"mirror_url":null,"archived":false,"disabled":false,"open_issues_count":6,"license":{"key":"apache-2.0","name":"Apache License 2.0","spdx_id":"Apache-2.0","url":"https://api.github.com/licenses/apache-2.0","node_id":"MDc6TGljZW5zZTI="},"allow_forking":true,"is_template":true,"web_commit_signoff_required":false,"topics":[],"visibility":"public","forks":2,"open_issues":6,"watchers":1,"default_branch":"next"},"source":{"id":203273263,"node_id":"MDEwOlJlcG9zaXRvcnkyMDMyNzMyNjM=","name":"extensions","full_name":"firebase/extensions","private":false,"owner":{"login":"firebase","id":1335026,"node_id":"MDEyOk9yZ2FuaXphdGlvbjEzMzUwMjY=","avatar_url":"https://avatars.githubusercontent.com/u/1335026?v=4","gravatar_id":"","url":"https://api.github.com/users/firebase","html_url":"https://github.com/firebase","followers_url":"https://api.github.com/users/firebase/followers","following_url":"https://api.github.com/users/firebase/following{/other_user}","gists_url":"https://api.github.com/users/firebase/gists{/gist_id}","starred_url":"https://api.github.com/users/firebase/starred{/owner}{/repo}","subscriptions_url":"https://api.github.com/users/firebase/subscriptions","organizations_url":"https://api.github.com/users/firebase/orgs","repos_url":"https://api.github.com/users/firebase/repos","events_url":"https://api.github.com/users/firebase/events{/privacy}","received_events_url":"https://api.github.com/users/firebase/received_events","type":"Organization","site_admin":false},"html_url":"https://github.com/firebase/extensions","description":"Source code for official Firebase extensions","fork":false,"url":"https://api.github.com/repos/firebase/extensions","forks_url":"https://api.github.com/repos/firebase/extensions/forks","keys_url":"https://api.github.com/repos/firebase/extensions/keys{/key_id}","collaborators_url":"https://api.github.com/repos/firebase/extensions/collaborators{/collaborator}","teams_url":"https://api.github.com/repos/firebase/extensions/teams","hooks_url":"https://api.github.com/repos/firebase/extensions/hooks","issue_events_url":"https://api.github.com/repos/firebase/extensions/issues/events{/number}","events_url":"https://api.github.com/repos/firebase/extensions/events","assignees_url":"https://api.github.com/repos/firebase/extensions/assignees{/user}","branches_url":"https://api.github.com/repos/firebase/extensions/branches{/branch}","tags_url":"https://api.github.com/repos/firebase/extensions/tags","blobs_url":"https://api.github.com/repos/firebase/extensions/git/blobs{/sha}","git_tags_url":"https://api.github.com/repos/firebase/extensions/git/tags{/sha}","git_refs_url":"https://api.github.com/repos/firebase/extensions/git/refs{/sha}","trees_url":"https://api.github.com/repos/firebase/extensions/git/trees{/sha}","statuses_url":"https://api.github.com/repos/firebase/extensions/statuses/{sha}","languages_url":"https://api.github.com/repos/firebase/extensions/languages","stargazers_url":"https://api.github.com/repos/firebase/extensions/stargazers","contributors_url":"https://api.github.com/repos/firebase/extensions/contributors","subscribers_url":"https://api.github.com/repos/firebase/extensions/subscribers","subscription_url":"https://api.github.com/repos/firebase/extensions/subscription","commits_url":"https://api.github.com/repos/firebase/extensions/commits{/sha}","git_commits_url":"https://api.github.com/repos/firebase/extensions/git/commits{/sha}","comments_url":"https://api.github.com/repos/firebase/extensions/comments{/number}","issue_comment_url":"https://api.github.com/repos/firebase/extensions/issues/comments{/number}","contents_url":"https://api.github.com/repos/firebase/extensions/contents/{+path}","compare_url":"https://api.github.com/repos/firebase/extensions/compare/{base}...{head}","merges_url":"https://api.github.com/repos/firebase/extensions/merges","archive_url":"https://api.github.com/repos/firebase/extensions/{archive_format}{/ref}","downloads_url":"https://api.github.com/repos/firebase/extensions/downloads","issues_url":"https://api.github.com/repos/firebase/extensions/issues{/number}","pulls_url":"https://api.github.com/repos/firebase/extensions/pulls{/number}","milestones_url":"https://api.github.com/repos/firebase/extensions/milestones{/number}","notifications_url":"https://api.github.com/repos/firebase/extensions/notifications{?since,all,participating}","labels_url":"https://api.github.com/repos/firebase/extensions/labels{/name}","releases_url":"https://api.github.com/repos/firebase/extensions/releases{/id}","deployments_url":"https://api.github.com/repos/firebase/extensions/deployments","created_at":"2019-08-20 01:00:45 UTC","updated_at":"2022-06-30 21:25:40 UTC","pushed_at":"2022-07-07 15:45:39 UTC","git_url":"git://github.com/firebase/extensions.git","ssh_url":"git@github.com:firebase/extensions.git","clone_url":"https://github.com/firebase/extensions.git","svn_url":"https://github.com/firebase/extensions","homepage":"https://firebase.google.com/products/extensions","size":9242,"stargazers_count":699,"watchers_count":699,"language":"TypeScript","has_issues":true,"has_projects":true,"has_downloads":true,"has_wiki":true,"has_pages":false,"forks_count":302,"mirror_url":null,"archived":false,"disabled":false,"open_issues_count":110,"license":{"key":"apache-2.0","name":"Apache License 2.0","spdx_id":"Apache-2.0","url":"https://api.github.com/licenses/apache-2.0","node_id":"MDc6TGljZW5zZTI="},"allow_forking":true,"is_template":false,"web_commit_signoff_required":false,"topics":[],"visibility":"public","forks":302,"open_issues":110,"watchers":699,"default_branch":"next"},"network_count":302,"subscribers_count":1}